campaign_id,campaign_date,campaign_name,marketing_channel,campaign_type,target_segment,spend,impressions,clicks,website_visits,add_to_cart,conversions,new_customers,revenue_generated
465408,07-10-2025,Influencer_Collab_202510_2,Instagram,Influencer Campaign,Discount Seekers,28258.42,264473,10294,7558,3640,2263,2004,2252105.93
448515,14-07-2025,Brand_Awareness_202507_84,Google Ads,Awareness,All Customers,22001.93,682736,18867,10413,2425,181,64,108871.59
485381,28-06-2025,Retain_Loyal_202506_90,Email,Retention Campaign,Discount Seekers,53439.07,700440,13300,8469,2808,810,293,780360.74
405510,11-07-2024,Influencer_Collab_202407_50,YouTube,Influencer Campaign,Discount Seekers,100946.26,2645525,63804,37519,17367,9030,5671,7376436.49
406536,12-10-2025,Festive_Sale_202510_9,YouTube,Festival Sale,New Customers,19066.93,558770,15710,10923,4333,2259,605,892275.95
492044,03-03-2024,Launch_Campaign_202403_60,YouTube,Product Launch,Lapsed Customers,22459.32,87160,274,132,2,0,0,0
487438,12-02-2025,New_User_Push_202502_13,YouTube,Acquisition,All Customers,76439.79,3050804,34537,32120,8011,1313,831,1269251.74
425487,17-11-2025,New_User_Push_202511_45,Referral,Acquisition,Existing Customers,177914.13,5938492,136471,83550,5925,1136,612,901616.34
439826,01-01-2025,Retain_Loyal_202501_28,Google Ads,Retention Campaign,New Customers,12232.9,263480,6614,5445,1014,78,16,36610.72
419863,02-11-2025,Launch_Campaign_202511_47,Google Ads,Product Launch,Discount Seekers,7692.86,229333,5603,3411,307,72,57,52481.41
476695,08-07-2024,Influencer_Collab_202407_37,Instagram,Influencer Campaign,All Customers,20353.41,503703,17375,17027,9964,7971,4574,5370553.45
436764,15-06-2024,Festive_Sale_202406_70,YouTube,Festival Sale,Lapsed Customers,5000,88986,2738,2136,534,289,56,103622.9
499229,25-09-2024,Influencer_Collab_202409_67,Email,Influencer Campaign,Discount Seekers,26966.96,1050928,35721,26759,7986,2508,886,1102501.53
489502,19-12-2024,Influencer_Collab_202412_40,Email,Influencer Campaign,New Customers,6234.65,174179,1983,1375,293,90,27,40680.68
447520,20-10-2025,Launch_Campaign_202510_59,Google Ads,Product Launch,Discount Seekers,57802.93,506019,16383,13919,1636,537,201,302959.59
485929,17-06-2025,New_User_Push_202506_56,YouTube,Acquisition,Existing Customers,22881.28,838356,18958,18578,5525,2792,1107,2299384.78
453161,16-10-2025,Launch_Campaign_202510_74,Influencer,Product Launch,Discount Seekers,94393.12,1420883,7398,6004,435,30,13,23510.76
411691,07-05-2025,Retain_Loyal_202505_23,Influencer,Retention Campaign,Discount Seekers,73378.78,1118833,15311,9252,2103,216,32,117396.89
450092,23-11-2024,Festive_Sale_202411_12,Email,Festival Sale,All Customers,52785.97,1144681,7728,6051,548,47,2,42521.17
430634,01-07-2024,Brand_Awareness_202407_51,Google Ads,Awareness,Lapsed Customers,5370.88,161943,3839,3762,162,11,2,7997.55
463919,22-12-2025,Launch_Campaign_202512_65,Google Ads,Product Launch,High-Value Customers,9190.09,84852,1064,927,77,8,3,7527.08
473151,05-12-2024,Influencer_Collab_202412_82,Influencer,Influencer Campaign,New Customers,20222.22,640043,18546,9203,1183,122,92,41049.95
432195,17-12-2025,Influencer_Collab_202512_60,Email,Influencer Campaign,High-Value Customers,8708.66,212004,1084,645,46,8,6,7532.97
437316,13-11-2024,Influencer_Collab_202411_40,Email,Influencer Campaign,Discount Seekers,16255.44,287519,14933,12078,7246,5796,1987,3968258.38
494148,24-05-2024,Launch_Campaign_202405_30,Influencer,Product Launch,All Customers,16584.13,134749,7694,6179,3468,2155,1211,1168972.46
474182,08-12-2025,Retain_Loyal_202512_46,Referral,Retention Campaign,Existing Customers,5000,127898,4611,3956,1459,14,2,11187.3
462926,17-05-2024,Influencer_Collab_202405_42,YouTube,Influencer Campaign,High-Value Customers,32203.24,432874,12177,8950,915,360,295,300303.39
476238,18-09-2025,Launch_Campaign_202509_65,Instagram,Product Launch,All Customers,5000,48744,97,72,14,4,2,2219.96
423506,26-06-2025,Launch_Campaign_202506_4,Google Ads,Product Launch,Existing Customers,36969.07,580979,9306,6025,1485,309,228,167409.2
463442,07-01-2024,New_User_Push_202401_73,Influencer,Acquisition,All Customers,75975.6,2288109,62668,57393,7297,1180,597,453856.07
427604,14-05-2024,Festive_Sale_202405_28,Email,Festival Sale,Lapsed Customers,8429.4,204517,1819,1151,56,18,5,9750.07
403029,25-06-2024,Festive_Sale_202406_91,Affiliate,Festival Sale,High-Value Customers,9029.83,244293,2252,882,61,19,1,16903.82
417878,08-06-2024,Brand_Awareness_202406_2,Influencer,Awareness,Discount Seekers,9046.75,197238,5845,3107,735,68,21,49912.73
480858,13-09-2025,Retain_Loyal_202509_29,Instagram,Retention Campaign,Existing Customers,27620.02,597783,20053,9497,1419,935,94,972351.26
490081,19-12-2025,New_User_Push_202512_37,YouTube,Acquisition,Discount Seekers,11990.68,104787,6281,5808,1212,969,863,471305.68
445539,15-03-2025,Festive_Sale_202503_18,Instagram,Festival Sale,New Customers,10217.19,224583,9876,7844,4233,2879,1063,2213961.48
457829,15-05-2025,New_User_Push_202505_86,Instagram,Acquisition,Existing Customers,27587.1,415808,3420,2794,283,37,15,21523.5
427621,08-01-2025,Retarget_CartAbandon_202501_45,YouTube,Retargeting,All Customers,41835.45,332181,984,801,27,1,0,869.77
408678,11-01-2025,Launch_Campaign_202501_17,Email,Product Launch,New Customers,74327.48,2882612,44742,36206,6052,1950,834,1833851.58
495209,24-06-2024,Launch_Campaign_202406_24,Influencer,Product Launch,New Customers,28327.19,230586,687,444,8,0,0,0
495722,03-08-2025,Launch_Campaign_202508_52,Influencer,Product Launch,Discount Seekers,18541.73,328675,7818,6244,1900,1520,814,991722.89
480372,01-08-2024,Retarget_CartAbandon_202408_28,Instagram,Retargeting,Discount Seekers,18813.62,608660,5526,5277,256,176,11,102990.56
412277,22-07-2025,Retain_Loyal_202507_27,Influencer,Retention Campaign,Discount Seekers,16859.13,624251,19777,13311,4973,2019,705,1759348.27
438398,04-06-2025,Retarget_CartAbandon_202506_55,YouTube,Retargeting,Discount Seekers,47476.91,917472,14100,10771,4518,3614,509,2233911.2
408197,03-03-2025,Festive_Sale_202503_21,Email,Festival Sale,Discount Seekers,11572.74,92606,267,172,4,0,0,0
466062,05-01-2024,Festive_Sale_202401_74,Instagram,Festival Sale,New Customers,65080.34,357092,714,699,33,1,0,865.92
407184,20-04-2025,Festive_Sale_202504_75,YouTube,Festival Sale,High-Value Customers,5173,140552,4730,2819,129,69,21,58711
427155,11-12-2024,Retain_Loyal_202412_64,Email,Retention Campaign,High-Value Customers,14148.26,43004,86,76,1,0,0,0
442004,20-05-2024,Launch_Campaign_202405_72,Google Ads,Product Launch,Discount Seekers,84397.32,3034268,132890,83362,50017,11448,9205,10205551.93
464028,13-11-2024,Brand_Awareness_202411_77,Instagram,Awareness,Lapsed Customers,48554.14,1744192,95032,49946,29967,10044,891,6373778.42
484510,24-09-2025,Festive_Sale_202509_92,YouTube,Festival Sale,High-Value Customers,5849.86,113648,3573,2454,932,87,28,82286.51
481953,10-02-2025,Influencer_Collab_202502_57,Affiliate,Influencer Campaign,Discount Seekers,15997.09,336441,11717,9656,948,274,132,134449.49
425635,03-06-2025,New_User_Push_202506_96,Influencer,Acquisition,High-Value Customers,75087.04,2292551,56847,36024,6143,1271,832,1003704.49
424613,29-10-2024,Brand_Awareness_202410_44,Influencer,Awareness,New Customers,6837.74,77066,3145,2711,933,194,58,94733.7
454313,06-10-2025,Retain_Loyal_202510_62,Google Ads,Retention Campaign,Existing Customers,29733.56,846067,1692,1427,490,358,96,159600.57
415402,27-06-2024,Retarget_CartAbandon_202406_48,Google Ads,Retargeting,Lapsed Customers,9074.34,104508,3064,2995,1221,976,94,969191.12
481455,27-06-2024,Brand_Awareness_202406_44,YouTube,Awareness,All Customers,21301,566334,7326,6494,509,120,10,89436.44
455343,26-01-2025,Retain_Loyal_202501_25,Email,Retention Campaign,Discount Seekers,13814.66,272591,1634,1188,60,3,0,2406.26
474806,06-09-2024,Festive_Sale_202409_88,Email,Festival Sale,High-Value Customers,10539.53,193651,2880,2438,1276,802,98,791192.4
446648,20-04-2025,Launch_Campaign_202504_60,Google Ads,Product Launch,High-Value Customers,17835.89,87933,384,307,9,0,0,0
458427,09-04-2024,Influencer_Collab_202404_5,YouTube,Influencer Campaign,High-Value Customers,11327.1,94659,394,334,14,2,0,1438.07
400060,27-07-2025,Retain_Loyal_202507_32,YouTube,Retention Campaign,Existing Customers,32010.29,868932,17531,10632,3103,1100,263,959676.42
400573,20-08-2024,Influencer_Collab_202408_60,Influencer,Influencer Campaign,Lapsed Customers,13233.47,246246,752,511,56,17,13,14562.03
473289,09-09-2025,Influencer_Collab_202509_26,Google Ads,Influencer Campaign,Lapsed Customers,14822.88,442319,3917,3536,1227,981,858,742977.02
403658,16-08-2024,Retarget_CartAbandon_202408_41,Google Ads,Retargeting,Lapsed Customers,67143.76,2565403,18706,9746,1058,10,0,10327.56
420046,13-12-2024,Influencer_Collab_202412_36,Instagram,Influencer Campaign,All Customers,13295.35,167267,5099,3280,584,209,183,154098.21
426192,22-03-2024,Retarget_CartAbandon_202403_71,Referral,Retargeting,New Customers,21064.4,255974,1878,1358,486,147,49,65583.88
451803,01-04-2024,Launch_Campaign_202404_74,Influencer,Product Launch,Existing Customers,9768.61,233364,5075,4161,518,67,49,41016.13
423132,05-03-2024,Retain_Loyal_202403_18,Instagram,Retention Campaign,Existing Customers,7783.23,92776,906,720,149,30,5,18320.25
476385,09-03-2025,New_User_Push_202503_18,Instagram,Acquisition,New Customers,52770.73,1858560,100283,85446,51267,32467,14222,25623126.5
490211,25-02-2024,Retain_Loyal_202402_70,Email,Retention Campaign,High-Value Customers,20124.06,363526,11657,7066,515,155,16,68188.82
426724,02-02-2025,Launch_Campaign_202502_21,Referral,Product Launch,All Customers,42430.84,1201792,26212,15994,4578,1351,1069,677442.76
491749,04-03-2024,Retarget_CartAbandon_202403_56,YouTube,Retargeting,High-Value Customers,67431.69,599869,17463,10666,2392,527,76,464581.77
433381,16-06-2025,Retain_Loyal_202506_82,Google Ads,Retention Campaign,High-Value Customers,5241.42,25429,50,34,1,0,0,0
412905,06-10-2024,Launch_Campaign_202410_73,Instagram,Product Launch,New Customers,22709.68,303786,8606,4781,2079,1022,448,391934.1
403690,05-06-2025,Influencer_Collab_202506_73,Influencer,Influencer Campaign,Existing Customers,6150.81,227302,3835,2018,329,115,38,120748.29
441065,04-10-2025,Launch_Campaign_202510_6,Instagram,Product Launch,New Customers,8635.9,315252,1939,1309,199,48,24,28559.02
481006,21-04-2025,Retain_Loyal_202504_80,YouTube,Retention Campaign,All Customers,13784.79,351650,4352,3633,318,104,30,49740.47
492273,14-11-2024,Retarget_CartAbandon_202411_95,Instagram,Retargeting,New Customers,112422.02,1329028,51892,34997,14807,5953,300,5091888.62
431861,28-07-2024,Launch_Campaign_202407_17,Instagram,Product Launch,New Customers,45034.47,1020311,10753,6173,689,116,69,118308.28
498427,29-03-2025,Retain_Loyal_202503_41,Google Ads,Retention Campaign,New Customers,10554.42,203796,750,565,11,1,0,724.8
463612,29-11-2025,Retain_Loyal_202511_49,Email,Retention Campaign,High-Value Customers,60850.7,1269438,47766,33263,11683,7875,1887,7356803.48
413440,04-08-2024,Brand_Awareness_202408_26,Influencer,Awareness,Lapsed Customers,62294.23,1460348,7727,5428,697,8,1,6270.77
481026,23-07-2025,Retarget_CartAbandon_202507_3,YouTube,Retargeting,High-Value Customers,47108.02,685862,8051,7704,1532,366,129,313087.68
496899,08-01-2025,Launch_Campaign_202501_65,Influencer,Product Launch,New Customers,22056.31,556239,16274,14402,3994,1240,675,618476.91
403719,23-02-2025,Influencer_Collab_202502_5,YouTube,Influencer Campaign,Discount Seekers,28051.95,747776,37779,17442,10465,5113,4057,5507285.31
496905,03-11-2025,Launch_Campaign_202511_71,YouTube,Product Launch,All Customers,9357.41,107922,808,543,60,27,15,17683.64
471307,04-09-2025,Retarget_CartAbandon_202509_81,Instagram,Retargeting,All Customers,9794.92,87331,1642,884,88,20,3,21828.94
473870,24-05-2025,New_User_Push_202505_25,YouTube,Acquisition,Existing Customers,13896.39,300036,15567,10971,1242,612,464,221717.61
463122,19-03-2024,Retarget_CartAbandon_202403_44,Instagram,Retargeting,High-Value Customers,85533.13,1765614,19422,16226,1645,227,55,101508
415511,23-08-2025,Retarget_CartAbandon_202508_60,Influencer,Retargeting,Discount Seekers,9647.67,295904,2780,2524,582,36,7,19385.02
418071,21-12-2025,New_User_Push_202512_1,Google Ads,Acquisition,High-Value Customers,7645.1,124993,1694,1515,415,214,138,106136.59
445210,07-11-2025,Influencer_Collab_202511_77,Influencer,Influencer Campaign,Lapsed Customers,5000,107699,655,491,50,40,12,20088.17
493341,02-10-2024,Influencer_Collab_202410_96,Influencer,Influencer Campaign,All Customers,23057.92,621462,8534,5928,774,206,115,104113.07
471327,24-12-2025,Festive_Sale_202512_4,Google Ads,Festival Sale,Lapsed Customers,5732.61,142855,3737,3101,709,334,82,263665.27
434464,06-10-2025,Brand_Awareness_202510_1,Google Ads,Awareness,New Customers,51018.91,1687228,25649,20085,6479,196,32,176722.8
492837,24-08-2024,Brand_Awareness_202408_77,Influencer,Awareness,All Customers,27380.53,423762,14407,8218,1414,260,81,168363.35
441642,01-08-2024,New_User_Push_202408_1,Google Ads,Acquisition,New Customers,8254.29,119399,3154,1896,882,224,81,110132.72
486701,28-03-2025,Influencer_Collab_202503_52,Instagram,Influencer Campaign,New Customers,26324.66,66326,231,204,6,0,0,0
430394,16-05-2025,New_User_Push_202505_5,Influencer,Acquisition,Existing Customers,5000,120515,1446,1079,161,30,13,25517.11
427322,06-06-2025,Influencer_Collab_202506_37,Google Ads,Influencer Campaign,Lapsed Customers,6581.22,154856,2155,1249,135,80,58,76962.45
408391,11-03-2024,Influencer_Collab_202403_21,Influencer,Influencer Campaign,New Customers,11494.92,162577,3181,2026,494,247,138,210830.03
416586,03-06-2025,Retain_Loyal_202506_68,Referral,Retention Campaign,High-Value Customers,10085.63,280900,561,438,35,4,0,1690
415565,27-10-2024,Launch_Campaign_202410_17,Instagram,Product Launch,New Customers,147491.85,4289341,164140,120035,24524,19619,7143,19141530.11
477009,17-05-2025,Launch_Campaign_202505_60,Influencer,Product Launch,Discount Seekers,20427.22,499997,31997,15137,2513,1324,985,1284534.54
438097,23-08-2025,Retarget_CartAbandon_202508_45,YouTube,Retargeting,High-Value Customers,49294.34,285476,675,318,6,0,0,0
422227,15-11-2025,New_User_Push_202511_83,YouTube,Acquisition,New Customers,5000,179259,2579,2414,309,116,78,122370.04
438612,09-10-2025,Influencer_Collab_202510_75,Google Ads,Influencer Campaign,New Customers,85258.72,1190560,8680,6419,546,175,136,87252.08
467288,14-02-2024,Festive_Sale_202402_39,Influencer,Festival Sale,Existing Customers,6168.43,91887,528,503,15,1,0,825.85
486746,03-10-2025,Retain_Loyal_202510_0,Google Ads,Retention Campaign,High-Value Customers,7363.17,243930,8763,4367,1408,480,135,265374.86
442205,20-09-2024,New_User_Push_202409_79,Referral,Acquisition,High-Value Customers,11204.78,102157,204,169,65,16,11,18977.54
437086,14-11-2025,Influencer_Collab_202511_4,Instagram,Influencer Campaign,All Customers,15771.22,364879,1398,1084,650,309,236,172271.52
496480,24-05-2025,Brand_Awareness_202505_34,Google Ads,Awareness,New Customers,6111.31,92545,3240,2819,861,294,38,153902.5
483171,22-02-2025,New_User_Push_202502_14,Google Ads,Acquisition,All Customers,5000,96004,1026,602,52,7,6,4958.82
449380,08-06-2024,Retarget_CartAbandon_202406_76,Referral,Retargeting,Discount Seekers,8125.39,224442,7168,5056,1712,545,154,529341.69
405867,11-01-2025,Launch_Campaign_202501_19,Affiliate,Product Launch,Discount Seekers,42890.51,1714644,28723,22208,3407,1725,1417,933391.97
406900,09-01-2024,Festive_Sale_202401_82,Instagram,Festival Sale,Existing Customers,15874.43,448991,9525,5797,920,509,119,273421.72
474998,15-05-2024,Brand_Awareness_202405_86,Influencer,Awareness,Discount Seekers,16791.04,180652,361,165,14,0,0,0
453495,18-10-2024,Festive_Sale_202410_20,Instagram,Festival Sale,Existing Customers,29511.48,725649,6213,3969,179,10,1,8543.72
438136,05-06-2024,Festive_Sale_202406_84,Google Ads,Festival Sale,Existing Customers,120757.25,4166146,156095,100687,27895,17554,2096,9463305.44
429945,06-12-2024,Influencer_Collab_202412_41,Instagram,Influencer Campaign,High-Value Customers,25286.42,211520,423,258,41,1,0,777.51
437119,12-09-2025,Retarget_CartAbandon_202509_37,Instagram,Retargeting,Lapsed Customers,5000,100316,3844,1665,630,396,50,461900.11
405376,28-01-2024,Retarget_CartAbandon_202401_13,Instagram,Retargeting,Lapsed Customers,14525.59,390401,10844,5155,1363,601,178,451783.49
493447,04-06-2025,Retarget_CartAbandon_202506_8,Google Ads,Retargeting,High-Value Customers,15140.98,576809,11425,7476,2427,441,59,387587.68
446351,20-08-2025,Influencer_Collab_202508_54,Influencer,Influencer Campaign,High-Value Customers,36067.48,609402,21093,17874,4856,1538,519,1009262.63
405392,30-05-2024,Festive_Sale_202405_29,Instagram,Festival Sale,High-Value Customers,40482.16,1177173,2354,1340,241,79,29,63113.27
497553,09-11-2024,Retain_Loyal_202411_40,Google Ads,Retention Campaign,High-Value Customers,46973.82,1866371,80645,43673,9877,4094,519,3301653.57
411539,24-08-2024,Festive_Sale_202408_65,Google Ads,Festival Sale,Discount Seekers,23182.3,607567,10457,5402,1014,237,19,215658.77
483731,13-04-2024,Retarget_CartAbandon_202404_89,Instagram,Retargeting,All Customers,19803.53,711656,15486,10692,2340,1047,371,570206.12
426390,06-01-2025,Retain_Loyal_202501_75,Affiliate,Retention Campaign,All Customers,26809.91,630561,16047,10351,1164,286,85,233290.88
497049,12-06-2024,Retarget_CartAbandon_202406_21,Instagram,Retargeting,Lapsed Customers,14368.84,260742,7096,4867,1224,814,284,686638.94
406427,13-11-2025,Launch_Campaign_202511_94,Instagram,Product Launch,New Customers,41834.89,1401922,25351,16869,3836,1719,1254,938679.42
479647,17-09-2025,Launch_Campaign_202509_79,Referral,Product Launch,New Customers,48480.32,743629,26468,22695,3668,1795,1163,677282.48
406955,25-07-2025,Festive_Sale_202507_40,Google Ads,Festival Sale,New Customers,15303.46,266278,532,361,70,15,2,8085.61
437165,23-03-2025,New_User_Push_202503_83,Instagram,Acquisition,High-Value Customers,54011.24,1646962,44650,37513,15545,4662,3594,3667119.65
464819,12-08-2024,Launch_Campaign_202408_92,Google Ads,Product Launch,Existing Customers,29988.33,830313,42619,25294,10885,8708,7807,6117379.42
431540,27-03-2025,Influencer_Collab_202503_84,Google Ads,Influencer Campaign,Existing Customers,101877.91,3220360,65022,48055,13009,4401,3115,4023428.61
435644,20-09-2024,New_User_Push_202409_17,YouTube,Acquisition,New Customers,14881.54,174095,1741,1219,359,170,97,207263.02
418239,27-07-2024,Influencer_Collab_202407_72,Google Ads,Influencer Campaign,New Customers,7467.75,263297,4773,3790,1740,724,378,540122.88
433089,21-10-2024,New_User_Push_202410_81,Instagram,Acquisition,Discount Seekers,11403.93,242904,1900,1418,65,9,5,5599.71
488400,14-02-2024,New_User_Push_202402_5,Instagram,Acquisition,High-Value Customers,88977.98,658807,2078,1541,43,2,1,2017.55
405472,03-05-2025,New_User_Push_202505_12,Instagram,Acquisition,Existing Customers,5000,47887,318,237,74,25,8,23610.91
410081,28-08-2024,New_User_Push_202408_62,Google Ads,Acquisition,All Customers,12683.45,343269,5912,4561,557,248,153,247597.89
444911,16-05-2025,Launch_Campaign_202505_69,Instagram,Product Launch,Existing Customers,51918.36,592121,1184,897,29,2,1,1279.07
433648,01-01-2024,Brand_Awareness_202401_58,Instagram,Awareness,All Customers,11804.37,295006,590,389,173,24,2,20247.36
490993,09-01-2025,Festive_Sale_202501_76,Instagram,Festival Sale,Existing Customers,15535.42,301450,7235,3882,684,298,26,339213.85
440309,19-08-2024,Festive_Sale_202408_26,Instagram,Festival Sale,High-Value Customers,31881.66,417386,7571,5406,1800,749,122,361190
473590,03-03-2024,Brand_Awareness_202403_36,Google Ads,Awareness,All Customers,16864.46,130615,547,306,6,0,0,0
447990,15-08-2025,Influencer_Collab_202508_44,Instagram,Influencer Campaign,New Customers,27968.67,685472,17346,12603,4716,3772,2231,2640214.03
418813,08-09-2025,Brand_Awareness_202509_64,Google Ads,Awareness,All Customers,16063.66,447394,2332,983,60,10,1,4369.86
