product_id,product_name,product_category,sub_category,brand,selling_price,COGS,manufacturing_city,size,SKU,color,launch_date,product_tier
384259,GlowNest Vitamin C Serum,Skincare,Serum,GlowNest,649,209.07,Vapi,3.5g,GN-84259-01,N/A,05-05-2024,Premium
318726,GlowNest Niacinamide Serum,Skincare,Serum,GlowNest,549,161.93,Vapi,50ml,GN-18726-02,N/A,29-10-2024,Regular
376484,GlowNest Matte Sunscreen SPF50,Skincare,Sunscreen,GlowNest,499,168.88,Vapi,50ml,GN-76484-03,N/A,21-04-2024,Regular
332325,GlowNest Aqua Gel Moisturizer,Skincare,Moisturizer,GlowNest,399,136.98,Noida,30ml,GN-32325-04,N/A,14-10-2024,Value
328746,GlowNest Foaming Face Wash,Skincare,Face Wash,GlowNest,299,86.69,Noida,250ml,GN-28746-05,N/A,22-04-2024,Value
376622,GlowNest Retinol Night Cream,Skincare,Moisturizer,GlowNest,899,296.16,Bengaluru,30ml,GN-76622-06,N/A,23-01-2025,Premium
347447,GlowNest Clay Detox Face Wash,Skincare,Face Wash,GlowNest,349,111.25,Daman,200ml,GN-47447-07,N/A,22-05-2024,Regular
356155,GlowNest Under Eye Cream,Skincare,Eye Care,GlowNest,599,200.21,Bengaluru,50ml,GN-56155-08,N/A,17-02-2024,Premium
373579,GlowNest Matte Liquid Lipstick,Colour Cosmetics,Lipstick,GlowNest,449,124.52,Bengaluru,200ml,GN-73579-09,Charcoal Black,15-05-2024,Regular
360142,GlowNest Velvet Lip Tint,Colour Cosmetics,Lip Tint,GlowNest,349,97.3,Daman,50ml,GN-60142-10,Berry Wine,10-02-2024,Value
397647,GlowNest HD Foundation,Colour Cosmetics,Foundation,GlowNest,799,288.16,Noida,200ml,GN-97647-11,Charcoal Black,08-04-2024,Premium
370644,GlowNest Full Coverage Concealer,Colour Cosmetics,Concealer,GlowNest,449,136.75,Vapi,15g,GN-70644-12,Sand Beige,28-05-2024,Regular
397912,GlowNest Waterproof Mascara,Colour Cosmetics,Mascara,GlowNest,399,120.56,Baddi,50ml,GN-97912-13,Berry Wine,22-05-2024,Regular
318301,GlowNest Precision Eyeliner,Colour Cosmetics,Eyeliner,GlowNest,249,64.27,Bengaluru,100ml,GN-18301-14,Coral Red,30-06-2024,Value
352350,GlowNest Silk Blush Duo,Colour Cosmetics,Blush,GlowNest,549,167.29,Bengaluru,50ml,GN-52350-15,Charcoal Black,21-11-2024,Premium
334438,GlowNest Kajal Twin Pack,Colour Cosmetics,Kajal,GlowNest,199,46.46,Baddi,100ml,GN-34438-16,Berry Wine,13-07-2024,Value
351856,GlowNest Anti-Hairfall Shampoo,Haircare,Shampoo,GlowNest,449,145.87,Noida,15g,GN-51856-17,N/A,16-12-2024,Regular
385909,GlowNest Keratin Conditioner,Haircare,Conditioner,GlowNest,429,139.81,Vapi,15g,GN-85909-18,N/A,17-01-2024,Regular
365435,GlowNest Argan Hair Serum,Haircare,Hair Serum,GlowNest,549,167.75,Daman,3.5g,GN-65435-19,N/A,03-02-2024,Premium
334718,GlowNest Onion Hair Oil,Haircare,Hair Oil,GlowNest,349,94.83,Noida,200ml,GN-34718-20,N/A,18-04-2024,Value
